{
  "id": "playbook-ssl",
  "scope": "settings",
  "title": "SSL — HTTPS / certificat / erreurs sécurité",
  "triggers": [
    "525",
    "526",
    "cadenas",
    "certificat",
    "certificate",
    "err_ssl",
    "https",
    "https ne marche pas",
    "invalid certificate",
    "mixed content",
    "net::err_cert",
    "not secure",
    "site sécurisé",
    "ssl"
  ],
  "steps": [
    {
      "kind": "ask",
      "question": "Quel est le domaine exact et l'erreur précise (ex: NET::ERR_CERT..., ERR_SSL_PROTOCOL_ERROR, 525/526, 'Non sécurisé') ? Cloudflare activé (oui/non) ?",
      "step_id": "ASK_01_QUEL_EST_LE_DOMAIN_2E6D27",
      "field": "domain_or_url"
    },
    {
      "kind": "solve",
      "response": "SSL avec TikTak PRO - Fonctionnement :\n• Domaines achetés chez TikTak : SSL automatique inclus (pas de config)\n• Domaines liés externes : SSL émis automatiquement APRÈS propagation DNS complète\n• Délai normal : 24-48h après DNS correctement configurés\n• Géré par TikTak (pas d'accès serveur pour clients)\n\n✅ Prérequis SSL :\n1. DNS correctement configurés (@ et www → 102.211.211.10)\n2. Pas d'enregistrement AAAA actif\n3. Propagation complète (visible sur WhatsMyDNS)\n4. Liaison activée dans TikTak si domaine externe\n\nDepuis combien de temps le domaine est-il configuré/acheté ? (<24h ou >24h)",
      "actions": [
        "verify_ssl_prerequisites"
      ],
      "success_indicator": "Cadenas affiché dans la barre navigateur, https:// fonctionne",
      "time_estimate": "Émission SSL : automatique dans les 24-48h après DNS OK",
      "step_id": "SOLVE_02_SSL_AVEC_TIKTAK_PR_5AC379"
    },
    {
      "kind": "solve",
      "response": "Erreur 525/526 avec Cloudflare :\n⚠️ Ces erreurs indiquent un problème SSL entre Cloudflare et le serveur TikTak\n\n🔧 SOLUTION IMMÉDIATE :\n\n1️⃣ Désactivez TEMPORAIREMENT le proxy Cloudflare :\n   • Dans Cloudflare DNS → cliquez nuage orange pour le rendre GRIS (DNS only)\n   • Faites-le pour @ ET www\n\n2️⃣ Vérifiez DNS Cloudflare :\n   @ : A → 102.211.211.10\n   www : A → 102.211.211.10 (ou CNAME → @)\n   AAAA : AUCUN\n\n3️⃣ Testez le site en DNS only (gris) :\n   • Si ça fonctionne → attendez 24-48h que le SSL TikTak soit émis\n   • Puis réactivez le proxy orange\n\n4️⃣ Configuration SSL Cloudflare (une fois proxy réactivé) :\n   • SSL/TLS → Overview → SSL mode\n   • Choisissez 'Flexible' ou 'Full' (PAS 'Full Strict')\n   • 'Full Strict' nécessite un certificat validé côté serveur\n\n5️⃣ Si erreur persiste en gris (DNS only) :\n   • Vérifiez que DNS sont exacts\n   • Escaladez le cas\n\nLe proxy est-il actuellement orange ou gris ? Le site fonctionne-t-il en gris ?",
      "actions": [
        "cloudflare_ssl_check",
        "disable_cloudflare_proxy",
        "configure_ssl_mode"
      ],
      "success_indicator": "Site fonctionne en DNS only, puis avec proxy orange après config SSL correcte",
      "condition": "cloudflare_525_526_error",
      "step_id": "SOLVE_03_ERREUR_525_526_AVE_C7DB7C"
    },
    {
      "kind": "solve",
      "response": "Certificat invalide / NET::ERR_CERT_... :\n\n🔍 DIAGNOSTIC :\n\n1️⃣ Vérifiez l'URL exacte :\n   • HTTPS:// présent ?\n   • Domaine exact (sans faute de frappe) ?\n   • Test sur @ (domaine.com) ET www (www.domaine.com)\n\n2️⃣ Vérifiez DNS (prérequis SSL) :\n   • @ : A → 102.211.211.10\n   • www : A → 102.211.211.10 (ou CNAME → @)\n   • AAAA : AUCUN\n   • Test propagation : https://www.whatsmydns.net\n\n3️⃣ Videz les caches SSL :\n   CHROME :\n   • chrome://net-internals/#sockets → Flush socket pools\n   • chrome://net-internals/#hsts → Delete domain security policies (entrez domaine)\n   • Paramètres → Confidentialité → Effacer données navigation → Cochez tout\n   \n   FIREFOX :\n   • Options → Vie privée → Effacer historique → Tout\n   \n   SYSTÈME :\n   • Windows : ipconfig /flushdns dans CMD\n   • Mac : sudo dscacheutil -flushcache dans Terminal\n\n4️⃣ Test navigation privée + autre appareil/réseau\n\n5️⃣ Vérifiez que la page TikTak s'affiche :\n   • Page TikTak visible = DNS OK, SSL en cours d'émission\n   • Rien = DNS incorrect\n\nQuel navigateur ? Le domaine affiche-t-il la page TikTak (logo) ? Quel code ERR exact ?",
      "actions": [
        "verify_dns_for_ssl",
        "clear_ssl_cache",
        "test_ssl_different_device"
      ],
      "success_indicator": "Certificat reconnu valide, cadenas vert affiché",
      "common_errors": [
        "NET::ERR_CERT_AUTHORITY_INVALID → certificat en cours d'émission ou DNS incorrect",
        "NET::ERR_CERT_COMMON_NAME_INVALID → domaine ne correspond pas au certificat (typo URL ?)",
        "NET::ERR_CERT_DATE_INVALID → date système incorrecte ou certificat expiré/pas encore valide"
      ],
      "step_id": "SOLVE_04_CERTIFICAT_INVALID_F1EE06"
    },
    {
      "kind": "solve",
      "response": "Mixed Content (contenu mixte HTTP/HTTPS) :\n⚠️ Erreur : page HTTPS charge des ressources HTTP (images, scripts, CSS)\n\n🔧 SOLUTIONS :\n\n1️⃣ Dans l'éditeur de contenu TikTak :\n   • Vérifiez toutes les URLs d'images/ressources\n   • Remplacez http:// par https://\n   • Ou utilisez URLs relatives (//exemple.com/image.jpg)\n\n2️⃣ Console navigateur (F12) :\n   • Onglet Console → cherchez warnings 'Mixed Content'\n   • Notez les URLs HTTP à corriger\n\n3️⃣ Templates/Widgets :\n   • Si le template charge des ressources externes\n   • Vérifiez qu'elles sont en HTTPS\n   • Contactez support si template par défaut\n\n4️⃣ Force HTTPS :\n   • Dans paramètres (si option disponible)\n   • Ou via Cloudflare : SSL/TLS → Edge Certificates → Always Use HTTPS\n\nVoyez-vous un cadenas barré ou message 'Non sécurisé' ? Pouvez-vous copier les erreurs de la console (F12) ?",
      "actions": [
        "fix_mixed_content",
        "check_browser_console",
        "force_https"
      ],
      "success_indicator": "Cadenas plein (pas barré), aucun warning mixed content",
      "step_id": "SOLVE_05_MIXED_CONTENT_CONT_4E2A36"
    },
    {
      "kind": "solve",
      "response": "SSL fonctionne sur @ mais pas sur www (ou inverse) :\n\n🔍 CAUSE : Enregistrement DNS manquant ou certificat incomplet\n\n✅ SOLUTIONS :\n\n1️⃣ Vérifiez DNS pour les DEUX :\n   @ : A → 102.211.211.10\n   www : A → 102.211.211.10 (ou CNAME → @)\n\n2️⃣ Test séparé :\n   • https://domaine.com\n   • https://www.domaine.com\n   • Notez lequel fonctionne\n\n3️⃣ Ajoutez l'enregistrement manquant puis attendez propagation (2-24h)\n\n4️⃣ Le SSL TikTak couvrira automatiquement @ ET www une fois DNS complets\n\nLequel fonctionne (@ ou www) ? L'autre affiche quelle erreur exactement ?",
      "actions": [
        "verify_both_apex_www",
        "add_missing_dns_record"
      ],
      "success_indicator": "SSL actif sur @ ET www",
      "time_estimate": "24-48h après ajout DNS manquant",
      "step_id": "SOLVE_06_SSL_FONCTIONNE_SUR_3CB34D"
    },
    {
      "kind": "escalate",
      "reason": "SSL non émis après 48h avec DNS corrects et propagés, OU erreur SSL persistante après toutes vérifications, OU Cloudflare 525/526 persistant en DNS only",
      "required_info": [
        "Domaine exact",
        "Capture écran erreur SSL complète (avec code ERR)",
        "Captures DNS (@, www, AAAA, NS) depuis registraire",
        "Résultat WhatsMyDNS (capture ou lien)",
        "Cloudflare oui/non, si oui : proxy orange/gris, mode SSL",
        "Navigateur + version",
        "Date de configuration DNS / achat domaine",
        "Ce qui s'affiche exactement sur chaque version (http://, https://, @, www)"
      ],
      "step_id": "ESCALATE_07_ESCALATE_C1F230",
      "when": [
        "needs_human_review"
      ],
      "handoff_template": {
        "summary": "SSL non émis après 48h avec DNS corrects et propagés, OU erreur SSL persistante après toutes vérifications, OU Cloudflare 525/526 persistant en DNS only",
        "repro_steps": [],
        "evidence": [
          "Domaine exact",
          "Capture écran erreur SSL complète (avec code ERR)",
          "Captures DNS (@, www, AAAA, NS) depuis registraire",
          "Résultat WhatsMyDNS (capture ou lien)",
          "Cloudflare oui/non, si oui : proxy orange/gris, mode SSL",
          "Navigateur + version",
          "Date de configuration DNS / achat domaine",
          "Ce qui s'affiche exactement sur chaque version (http://, https://, @, www)"
        ],
        "suspected_component": "settings",
        "priority": "P2"
      }
    },
    {
      "kind": "verify",
      "question": "Après ces étapes, est-ce que ça a marché ? Si non, envoyez une capture + le message exact.",
      "step_id": "VERIFY_08_APR_S_CES_TAPES_ES_02B92D"
    },
    {
      "kind": "escalate",
      "question": "Pour escalader : domaine + capture erreur SSL + captures DNS + résultat WhatsMyDNS + Cloudflare (oui/non, orange/gris, mode SSL) + navigateur + date config + ce qui s'affiche.",
      "escalation_payload_keys": [
        "module",
        "summary",
        "steps_tried",
        "evidence",
        "impact"
      ],
      "step_id": "ESCALATE_09_POUR_ESCALADER_DOM_70B8D4",
      "when": [
        "needs_human_review"
      ],
      "handoff_template": {
        "summary": "Escalade requise pour SSL — HTTPS / certificat / erreurs sécurité",
        "repro_steps": [],
        "evidence": [
          "domain_or_url",
          "error_message",
          "dns_change_time",
          "screenshot"
        ],
        "suspected_component": "settings",
        "priority": "P2"
      }
    }
  ],
  "related_docs": [
    "Certificat SSL géré par TikTak pour domaines liés/achetés",
    "Émission automatique après DNS propagés",
    "Pas d'accès serveur côté client (SaaS hébergé)"
  ],
  "ssl_checklist": {
    "prerequisites": [
      "DNS @ → 102.211.211.10",
      "DNS www → 102.211.211.10",
      "Aucun AAAA actif",
      "Propagation complète (vérifier WhatsMyDNS)",
      "Liaison activée dans TikTak (domaines externes)"
    ],
    "verification_steps": [
      "Test https://domaine.com → fonctionne ?",
      "Test https://www.domaine.com → fonctionne ?",
      "Cadenas affiché dans navigateur ?",
      "Console (F12) → aucune erreur mixed content ?",
      "Navigation privée → même résultat ?"
    ],
    "troubleshooting_tools": [
      "https://www.ssllabs.com/ssltest/ - test certificat",
      "https://www.whatsmydns.net - propagation DNS",
      "Console navigateur (F12) - erreurs SSL et mixed content"
    ]
  },
  "common_errors_details": [
    {
      "error": "525 (SSL Handshake Failed)",
      "meaning": "Cloudflare ne peut pas établir connexion SSL avec serveur origine",
      "solution": "Proxy gris (DNS only) temporairement, attendre SSL TikTak actif, puis orange avec mode Flexible/Full"
    },
    {
      "error": "526 (Invalid SSL Certificate)",
      "meaning": "Certificat serveur origine invalide selon Cloudflare",
      "solution": "Proxy gris, mode SSL 'Flexible' ou 'Full' (pas Full Strict)"
    },
    {
      "error": "NET::ERR_CERT_AUTHORITY_INVALID",
      "meaning": "Certificat non reconnu par navigateur",
      "solution": "Attendre émission complète (24-48h), vérifier DNS, vider cache SSL"
    },
    {
      "error": "NET::ERR_CERT_COMMON_NAME_INVALID",
      "meaning": "Domaine URL ne correspond pas au certificat",
      "solution": "Vérifier URL exacte (typo ?), attendre couverture @ et www"
    }
  ],
  "time_expectations": {
    "ssl_issuance": "24-48h après DNS propagés",
    "cache_ssl_clearing": "Immédiat après flush",
    "cloudflare_propagation": "Quelques minutes après changement proxy/mode SSL"
  },
  "cloudflare_ssl_modes": {
    "off": "Pas de SSL (non recommandé)",
    "flexible": "Cloudflare ↔ Client : HTTPS, Cloudflare ↔ Serveur : HTTP (OK pour TikTak en attente SSL)",
    "full": "HTTPS partout mais certificat serveur non validé (OK pour TikTak)",
    "full_strict": "HTTPS partout + certificat serveur validé (NE PAS UTILISER avant SSL TikTak actif)",
    "recommended": "Flexible ou Full pendant émission SSL, puis Full après"
  },
  "canonical_scope": "domains",
  "required_fields": [
    {
      "key": "domain_or_url",
      "question": "Quel est le domaine ou l’URL exact ?"
    },
    {
      "key": "error_message",
      "question": "Quel est le message d’erreur exact (ou code) ?"
    },
    {
      "key": "dns_change_time",
      "question": "Quand avez-vous changé les DNS / nameservers (date/heure) ?"
    }
  ],
  "schema_version": "v2_deterministic_steps"
}